"Reference","Value","Footprint","QUANTITY","Description"
"C1,C2","10u","Capacitor_SMD:C_1206_3216Metric","2",""
"C3-C6,C9,C14,C35","100n","Capacitor_SMD:C_0805_2012Metric","7","VDDA"
"C7","4.7u","Capacitor_SMD:C_1206_3216Metric","1","bulk, beside the MCU"
"C8","1u","Capacitor_SMD:C_0805_2012Metric","1","VDDA"
"C10,C11","2.2u","Capacitor_SMD:C_0805_2012Metric","2","core regulator, low-ESR ceramic"
"C12,C13","15p","Capacitor_SMD:C_0805_2012Metric","2","crystal load"
"C15","4.7n","Capacitor_SMD:C_0805_2012Metric","1",""
"C24,C27,C30","10n","Capacitor_SMD:C_0805_2012Metric","3",""
"D1,D2","SS14","Diode_SMD:D_SMA","2","+5 V from the power box into the pod's supply (diode-OR),USB VBUS into the pod's supply (diode-OR)"
"D3","green","LED_SMD:LED_0805_2012Metric","1",""
"D4","blue","LED_SMD:LED_0805_2012Metric","1",""
"D5","amber","LED_SMD:LED_0805_2012Metric","1",""
"D6","red","LED_SMD:LED_0805_2012Metric","1",""
"H1-H4","M3","MountingHole:MountingHole_3.2mm_M3","4",""
"J1","USB-C","Connector_USB:USB_C_Receptacle_HRO_TYPE-C-31-M-12","1","to the laptop: the Part 3 protocol; also powers the pod when the cable is out"
"J2","IMU (BNO085 breakout)","Connector_PinHeader_2.54mm:PinHeader_1x06_P2.54mm_Vertical","1","carrier header: match to the purchased breakout's pin order before layout; mount the breakout on standoffs, rigidly"
"J3","GNSS (NEO-M8N breakout)","Connector_PinHeader_2.54mm:PinHeader_1x05_P2.54mm_Vertical","1","MCU GPS_TX goes to the module's RX: names are the MCU's view. Match the breakout's pin order before layout"
"J4","Gesture puck (JST-GH)","Connector_JST:JST_GH_SM05B-GHS-TB_1x05-1MP_P1.25mm_Horizontal","1","APDS-9960 on its own ~1.5 m cable, I2C2 at 100 kHz"
"J5","SWD (ST-Link)","Connector_PinHeader_2.54mm:PinHeader_1x05_P2.54mm_Vertical","1",""
"J6","ELM327 fallback (USART3)","Connector_PinHeader_2.54mm:PinHeader_1x04_P2.54mm_Vertical","1","HC-05 bridge to a Bluetooth ELM327, env:hub_elm327 only (Part 4.8.5)"
"J7","DB-25 to power box","Connector_Dsub:DSUB-25_Socket_Horizontal_P2.77x2.84mm_EdgePinOffset4.94mm_Housed_MountingHolesOffset4.94mm","1","inter-box cable, BUILD_GUIDE 4.8.3"
"R1,R23,R26,R29,R32","10k","Resistor_SMD:R_0805_2012Metric","5","BOOT0 low: run from flash,pull-up: the safe reading when the cable is out"
"R2,R3","5.1k","Resistor_SMD:R_0805_2012Metric","2","identifies a USB-C sink: the laptop supplies 5 V"
"R4","1M","Resistor_SMD:R_0805_2012Metric","1",""
"R5,R6","4.7k","Resistor_SMD:R_0805_2012Metric","2",""
"R7,R8","2.2k","Resistor_SMD:R_0805_2012Metric","2","stronger pull-up for the cable"
"R10-R18,R20-R22,R25,R28,R30-R34","1k","Resistor_SMD:R_0805_2012Metric","19","series, DB-25 pin 12,series, DB-25 pin 13,series, DB-25 pin 14,series, DB-25 pin 15,series, DB-25 pin 16,series, DB-25 pin 17,series, DB-25 pin 18,series, DB-25 pin 19,series, DB-25 pin 22,series, DB-25 pin 24,series, DB-25 pin 5,series, DB-25 pin 7,series, DB-25 pin 8,series, DB-25 pin 9"
"R19","330","Resistor_SMD:R_0805_2012Metric","1","series, DB-25 pin 20"
"R31,R33","100","Resistor_SMD:R_0805_2012Metric","2","series, DB-25 pin 21,series, DB-25 pin 23"
"R36","100k","Resistor_SMD:R_0805_2012Metric","1","defined reading (0 V) when the cable is out; firmware ignores it then"
"SW1","RESET","Button_Switch_SMD:SW_SPST_TL3342","1",""
"SW2","BOOT","Button_Switch_SMD:SW_SPST_TL3342","1","hold at reset for the USB DFU bootloader"
"U1","STM32F405RGT6","Package_QFP:LQFP-64_10x10mm_P0.5mm","1",""
"U3","AP2112K-3.3","Package_TO_SOT_SMD:SOT-23-5","1","3.3 V, 600 mA LDO"
"U4","USBLC6-2SC6","Package_TO_SOT_SMD:SOT-23-6","1","USB ESD protection"
"Y1","8MHz","Crystal:Crystal_SMD_HC49-SD","1","HSE; firmware assumes 8 MHz (HSE_VALUE). Load caps for CL = 10 pF."
